<?xml version = "1.0" encoding = "UTF-8"?>
<!DOCTYPE suite SYSTEM "http://testng.org/testng-1.0.dtd">

<suite name="Candidate portal test suite" >

<listeners>
<listener class-name="com.shortlist.SeleniumAssigments.listener.TestNGITestListener"></listener>

<!--  
<listener class-name="com.shortlist.SeleniumAssigments.listener.TestAnnotationTransformerListener" />
-->

</listeners>

    <parameter name="browserName" value=""/>
    
    <test name="Sanity Testing">
        <classes>
       
         <class name="com.shortlist.SeleniumAssigments.test.LoginSignupTest"/>
            
            <class name="com.shortlist.SeleniumAssigments.test.ApplyJobTest"/>
             <class name="com.shortlist.SeleniumAssigments.test.ChatbotTest"/>
             <class name="com.shortlist.SeleniumAssigments.test.CharlieAssessmentTest"/>
              <class name="com.shortlist.SeleniumAssigments.test.VoiceAssessmentTest"/>
              <class name="com.shortlist.SeleniumAssigments.test.PsychometricTest"/>
              
              
            
                     
        </classes>

    </test>
</suite>